*Code,Reporting Code,*Name,Reporting Name,*Type,*Tax Code,Description,Dashboard,Expense Claims,Enable Payments,Balance
1100,REV.TRA.FAR.BEE,Sales - Beef Heifer Calves,Beef Heifer Calves,Sale,15% GST on Income,,No,No,No,
1101,REV.TRA.FAR.BEE,Sales - Beef Steer Calves,Beef Steer Calves,Sale,15% GST on Income,,No,No,No,
1102,REV.TRA.FAR.BEE,Sales - Beef Bull Calves,Beef Bull Calves,Sale,15% GST on Income,,No,No,No,
1103,REV.TRA.FAR.BEE,Sales - Beef R1 Heifers,Beef R1 Heifers,Sale,15% GST on Income,,No,No,No,
1104,REV.TRA.FAR.BEE,Sales - Beef R1 Steers,Beef R1 Steers,Sale,15% GST on Income,,No,No,No,
1105,REV.TRA.FAR.BEE,Sales - Beef R1 Bulls,Beef R1 Bulls,Sale,15% GST on Income,,No,No,No,
1106,REV.TRA.FAR.BEE,Sales - Beef R2 Heifers,Beef R2 Heifers,Sale,15% GST on Income,,No,No,No,
1107,REV.TRA.FAR.BEE,Sales - Beef R2 Steers,Beef R2 Steers,Sale,15% GST on Income,,No,No,No,
1108,REV.TRA.FAR.BEE,Sales - Beef R2 Bulls,Beef R2 Bulls,Sale,15% GST on Income,,No,No,No,
1109,REV.TRA.FAR.BEE,Sales - Beef MA Cows,Beef MA Cows,Sale,15% GST on Income,,No,No,No,
1110,REV.TRA.FAR.BEE,Sales - Beef R3 Heifers,Beef R3 Heifers,Sale,15% GST on Income,,No,No,No,
1111,REV.TRA.FAR.BEE,Sales - Beef R3 Steers,Beef R3 Steers,Sale,15% GST on Income,,No,No,No,
1112,REV.TRA.FAR.BEE,Sales - Beef R3 Bulls,Beef R3 Bulls,Sale,15% GST on Income,,No,No,No,
1113,REV.TRA.FAR.BEE,Sales - Beef Breeding Bulls,Beef Breeding Bulls,Sale,15% GST on Income,,No,No,No,
1120,REV.TRA.FAR.DAI,Sales - Dairy Heifer Calves,Dairy Heifer Calves,Sale,15% GST on Income,,No,No,No,
1121,REV.TRA.FAR.DAI,Sales - Dairy Bobby Calves,Dairy Bobby Calves,Sale,15% GST on Income,,No,No,No,
1122,REV.TRA.FAR.DAI,Sales - Dairy Bull Calves,Dairy Bull Calves,Sale,15% GST on Income,,No,No,No,
1123,REV.TRA.FAR.DAI,Sales - Dairy R1 Heifers,Dairy R1 Heifers,Sale,15% GST on Income,,No,No,No,
1124,REV.TRA.FAR.DAI,Sales - Dairy R1 Steers & Bulls,Dairy R1 Steers & Bulls,Sale,15% GST on Income,,No,No,No,
1125,REV.TRA.FAR.DAI,Sales - Dairy R2 Heifers,Dairy R2 Heifers,Sale,15% GST on Income,,No,No,No,
1126,REV.TRA.FAR.DAI,Sales - Dairy R2 Steers & Bulls,Dairy R2 Steers & Bulls,Sale,15% GST on Income,,No,No,No,
1127,REV.TRA.FAR.DAI,Sales - Dairy MA Cows,Dairy MA Cows,Sale,15% GST on Income,,No,No,No,
1128,REV.TRA.FAR.DAI,Sales - Dairy R3 Steers & Bulls,Dairy R3 Steers & Bulls,Sale,15% GST on Income,,No,No,No,
1129,REV.TRA.FAR.DAI,Sales - Dairy Breeding Bulls,Dairy Breeding Bulls,Sale,15% GST on Income,,No,No,No,
1140,REV.TRA.FAR.SHE,Sales - Ewe Lambs,Ewe Lambs,Sale,15% GST on Income,,No,No,No,
1141,REV.TRA.FAR.SHE,Sales - Ram Lambs,Ram Lambs,Sale,15% GST on Income,,No,No,No,
1142,REV.TRA.FAR.SHE,Sales - Mixed Lambs,Mixed Lambs,Sale,15% GST on Income,,No,No,No,
1143,REV.TRA.FAR.SHE,Sales - Ewe Hoggets,Ewe Hoggets,Sale,15% GST on Income,,No,No,No,
1144,REV.TRA.FAR.SHE,Sales - Ram & Wether Hoggets,Ram & Wether Hoggets,Sale,15% GST on Income,,No,No,No,
1145,REV.TRA.FAR.SHE,Sales - Two Tooth Ewes,Two Tooth Ewes,Sale,15% GST on Income,,No,No,No,
1146,REV.TRA.FAR.SHE,Sales - MA Ewes,MA Ewes,Sale,15% GST on Income,,No,No,No,
1147,REV.TRA.FAR.SHE,Sales - MA Wethers,MA Wethers,Sale,15% GST on Income,,No,No,No,
1148,REV.TRA.FAR.SHE,Sales - 5 Yr+ Ewes,5 Yr+ Ewes,Sale,15% GST on Income,,No,No,No,
1149,REV.TRA.FAR.SHE,Sales - Breeding Rams,Breeding Rams,Sale,15% GST on Income,,No,No,No,
1160,REV.TRA.FAR.DER,Sales - Fawns,Fawns,Sale,15% GST on Income,,No,No,No,
1161,REV.TRA.FAR.DER,Sales - R1 Hinds,R1 Hinds,Sale,15% GST on Income,,No,No,No,
1162,REV.TRA.FAR.DER,Sales - R2 Hinds,R2 Hinds,Sale,15% GST on Income,,No,No,No,
1163,REV.TRA.FAR.DER,Sales - MA Hinds,MA Hinds,Sale,15% GST on Income,,No,No,No,
1164,REV.TRA.FAR.DER,Sales - R1 Stags,R1 Stags,Sale,15% GST on Income,,No,No,No,
1165,REV.TRA.FAR.DER,Sales - R2 Stags,R2 Stags,Sale,15% GST on Income,,No,No,No,
1166,REV.TRA.FAR.DER,Sales - Breeding Stags,Breeding Stags,Sale,15% GST on Income,,No,No,No,
1167,REV.TRA,Sales - Velvet,Velvet,Sale,15% GST on Income,,No,No,No,
1180,REV.TRA.FAR.GOA,Sales - Kids,Kids,Sale,15% GST on Income,,No,No,No,
1181,REV.TRA.FAR.GOA,Sales - R1 Does,R1 Does,Sale,15% GST on Income,,No,No,No,
1182,REV.TRA.FAR.GOA,Sales - MA Does,MA Does,Sale,15% GST on Income,,No,No,No,
1183,REV.TRA.FAR.GOA,Sales - R1 Bucks & Wethers,R1 Bucks & Wethers,Sale,15% GST on Income,,No,No,No,
1184,REV.TRA.FAR.GOA,Sales - MA Bucks & Wethers,MA Bucks & Wethers,Sale,15% GST on Income,,No,No,No,
1185,REV.TRA.FAR.GOA,Sales - Breeding Bucks,Breeding Bucks,Sale,15% GST on Income,,No,No,No,
1200,REV.TRA.FAR.PIG,Sales - Weaners,Weaners,Sale,15% GST on Income,,No,No,No,
1201,REV.TRA.FAR.PIG,Sales - Growing Pigs 10-17 Weeks (Porkers & Baconers),Growing Pigs 10-17 Weeks (Porkers & Baconers),Sale,15% GST on Income,,No,No,No,
1202,REV.TRA.FAR.PIG,Sales - Growing Pigs 17+ Weeks (Baconers),Growing Pigs 17+ Weeks (Baconers),Sale,15% GST on Income,,No,No,No,
1203,REV.TRA.FAR.PIG,Sales - Breeding Sows < 1 Year,Breeding Sows < 1 Year,Sale,15% GST on Income,,No,No,No,
1204,REV.TRA.FAR.PIG,Sales - MA Breeding Sows,MA Breeding Sows,Sale,15% GST on Income,,No,No,No,
1205,REV.TRA.FAR.PIG,Sales - Breeding Boars,Breeding Boars,Sale,15% GST on Income,,No,No,No,
1220,REV.TRA.FAR,Sales - Other Livestock (Spare),,Sale,15% GST on Income,,No,No,No,
1300,REV.TRA.FAR.MIL,Milk Production - Current Year,Current Year Sales,Sale,15% GST on Income,,No,No,No,
1301,REV.TRA.FAR.MIL,Milk Production - Deferred,Deferred Revenue,Revenue,15% GST on Income,,No,No,No,
1350,REV.TRA.FAR.HOR,Horticulture Income,,Sale,15% GST on Income,,No,No,No,
1380,REV.TRA.FAR.HOR,Cropping Income,,Sale,15% GST on Income,,No,No,No,
1400,REV.TRA,Grazing Income,,Sale,15% GST on Income,,No,No,No,
1402,REV.TRA,Baleage,,Revenue,15% GST on Income,,No,No,No,
1404,REV.TRA,Hay,,Revenue,15% GST on Income,,No,No,No,
1406,REV.TRA,Silage,,Revenue,15% GST on Income,,No,No,No,
1408,REV.TRA,Standing Grass,,Revenue,15% GST on Income,,No,No,No,
1410,REV.TRA,Barley,,Revenue,15% GST on Income,,No,No,No,
1412,REV.TRA,Maize,,Revenue,15% GST on Income,,No,No,No,
1414,REV.TRA,Wheat,,Revenue,15% GST on Income,,No,No,No,
1450,REV.TRA.FAR.WOO,Wool Income,,Sale,15% GST on Income,,No,No,No,
1452,REV.TRA.FAR.WOO,Skins,,Sale,15% GST on Income,,No,No,No,
1454,REV.TRA.FAR.WOO,Crutchings and Dags,,Sale,15% GST on Income,,No,No,No,
1500,REV.TRA,Milk Company Dividends,,Revenue,No GST,,No,No,No,
1520,REV.TRA,Other Agri Processor Dividends,,Revenue,No GST,,No,No,No,
1530,REV.TRA,Rebates,,Revenue,15% GST on Income,,No,No,No,
1550,REV.TRA.OPE,Lease Income,,Revenue,15% GST on Income,,No,No,No,
1600,REV.TRA,Sundry Farm Income,,Revenue,15% GST on Income,,No,No,No,
2100,EXP.COS.OPE.FAR.BEE,Opening Livestock - Beef,Opening Livestock,Direct Costs,No GST,,No,No,No,
2101,EXP.COS.PUR.FAR.BEE,Purchases - Beef Heifer Calves,Beef Heifer Calves,Direct Costs,15% GST on Expenses,,No,Yes,No,
2102,EXP.COS.PUR.FAR.BEE,Purchases - Beef Steer Calves,Beef Steer Calves,Direct Costs,15% GST on Expenses,,No,Yes,No,
2103,EXP.COS.PUR.FAR.BEE,Purchases - Beef Bull Calves,Beef Bull Calves,Direct Costs,15% GST on Expenses,,No,Yes,No,
2104,EXP.COS.PUR.FAR.BEE,Purchases - Beef R1 Heifers,Beef R1 Heifers,Direct Costs,15% GST on Expenses,,No,Yes,No,
2105,EXP.COS.PUR.FAR.BEE,Purchases - Beef R1 Steers,Beef R1 Steers,Direct Costs,15% GST on Expenses,,No,Yes,No,
2106,EXP.COS.PUR.FAR.BEE,Purchases - Beef R1 Bulls,Beef R1 Bulls,Direct Costs,15% GST on Expenses,,No,Yes,No,
2107,EXP.COS.PUR.FAR.BEE,Purchases - Beef R2 Heifers,Beef R2 Heifers,Direct Costs,15% GST on Expenses,,No,Yes,No,
2108,EXP.COS.PUR.FAR.BEE,Purchases - Beef R2 Steers,Beef R2 Steers,Direct Costs,15% GST on Expenses,,No,Yes,No,
2109,EXP.COS.PUR.FAR.BEE,Purchases - Beef R2 Bulls,Beef R2 Bulls,Direct Costs,15% GST on Expenses,,No,Yes,No,
2110,EXP.COS.PUR.FAR.BEE,Purchases - Beef MA Cows,Beef MA Cows,Direct Costs,15% GST on Expenses,,No,Yes,No,
2111,EXP.COS.PUR.FAR.BEE,Purchases - Beef R3 Heifers,Beef R3 Heifers,Direct Costs,15% GST on Expenses,,No,Yes,No,
2112,EXP.COS.PUR.FAR.BEE,Purchases - Beef R3 Steers,Beef R3 Steers,Direct Costs,15% GST on Expenses,,No,Yes,No,
2113,EXP.COS.PUR.FAR.BEE,Purchases - Beef R3 Bulls,Beef R3 Bulls,Direct Costs,15% GST on Expenses,,No,Yes,No,
2114,EXP.COS.PUR.FAR.BEE,Purchases - Beef Breeding Bulls,Beef Breeding Bulls,Direct Costs,15% GST on Expenses,,No,Yes,No,
2118,EXP.COS.PUR.FAR.BEE,Beef Livestock - Valuation Movement,Valuation Movement,Direct Costs,No GST,,No,No,No,
2119,EXP.COS.CLO.FAR.BEE,Closing Livestock - Beef,Closing Livestock,Direct Costs,No GST,,No,No,No,
2120,EXP.COS.OPE.FAR.DAI,Opening Livestock - Dairy,Opening Livestock,Direct Costs,No GST,,No,No,No,
2121,EXP.COS.PUR.FAR.DAI,Purchases - Dairy Heifer Calves,Dairy Heifer Calves,Direct Costs,15% GST on Expenses,,No,Yes,No,
2122,EXP.COS.PUR.FAR.DAI,Purchases - Dairy Bobby Calves,Dairy Bobby Calves,Direct Costs,15% GST on Expenses,,No,Yes,No,
2123,EXP.COS.PUR.FAR.DAI,Purchases - Dairy Bull Calves,Dairy Bull Calves,Direct Costs,15% GST on Expenses,,No,Yes,No,
2124,EXP.COS.PUR.FAR.DAI,Purchases - Dairy R1 Heifers,Dairy R1 Heifers,Direct Costs,15% GST on Expenses,,No,Yes,No,
2125,EXP.COS.PUR.FAR.DAI,Purchases - Dairy R1 Steers & Bulls,Dairy R1 Steers & Bulls,Direct Costs,15% GST on Expenses,,No,Yes,No,
2126,EXP.COS.PUR.FAR.DAI,Purchases - Dairy R2 Heifers,Dairy R2 Heifers,Direct Costs,15% GST on Expenses,,No,Yes,No,
2127,EXP.COS.PUR.FAR.DAI,Purchases - Dairy R2 Steers & Bulls,Dairy R2 Steers & Bulls,Direct Costs,15% GST on Expenses,,No,Yes,No,
2128,EXP.COS.PUR.FAR.DAI,Purchases - Dairy MA Cows,Dairy MA Cows,Direct Costs,15% GST on Expenses,,No,Yes,No,
2129,EXP.COS.PUR.FAR.DAI,Purchases - Dairy R3 Steers & Bulls,Dairy R3 Steers & Bulls,Direct Costs,15% GST on Expenses,,No,Yes,No,
2130,EXP.COS.PUR.FAR.DAI,Purchases - Dairy Breeding Bulls,Dairy Breeding Bulls,Direct Costs,15% GST on Expenses,,No,Yes,No,
2138,EXP.COS.PUR.FAR.DAI,Dairy Livestock - Valuation Movement,Valuation Movement,Direct Costs,No GST,,No,No,No,
2139,EXP.COS.CLO.FAR.DAI,Closing Livestock - Dairy,Closing Livestock,Direct Costs,No GST,,No,No,No,
2140,EXP.COS.OPE.FAR.SHE,Opening Livestock - Sheep,Opening Livestock,Direct Costs,No GST,,No,No,No,
2141,EXP.COS.PUR.FAR.SHE,Purchases - Ewe Lambs,Ewe Lambs,Direct Costs,15% GST on Expenses,,No,Yes,No,
2142,EXP.COS.PUR.FAR.SHE,Purchases - Ram Lambs,Ram Lambs,Direct Costs,15% GST on Expenses,,No,Yes,No,
2143,EXP.COS.PUR.FAR.SHE,Purchases - Mixed Lambs,Mixed Lambs,Direct Costs,15% GST on Expenses,,No,Yes,No,
2144,EXP.COS.PUR.FAR.SHE,Purchases - Ewe Hoggets,Ewe Hoggets,Direct Costs,15% GST on Expenses,,No,Yes,No,
2145,EXP.COS.PUR.FAR.SHE,Purchases - Ram & Wether Hoggets,Ram & Wether Hoggets,Direct Costs,15% GST on Expenses,,No,Yes,No,
2146,EXP.COS.PUR.FAR.SHE,Purchases - Two Tooth Ewes,Two Tooth Ewes,Direct Costs,15% GST on Expenses,,No,Yes,No,
2147,EXP.COS.PUR.FAR.SHE,Purchases - MA Ewes,MA Ewes,Direct Costs,15% GST on Expenses,,No,Yes,No,
2148,EXP.COS.PUR.FAR.SHE,Purchases - MA Wethers,MA Wethers,Direct Costs,15% GST on Expenses,,No,Yes,No,
2149,EXP.COS.PUR.FAR.SHE,Purchases - 5 Yr+ Ewes,5 Yr+ Ewes,Direct Costs,15% GST on Expenses,,No,Yes,No,
2150,EXP.COS.PUR.FAR.SHE,Purchases - Breeding Rams,Breeding Rams,Direct Costs,15% GST on Expenses,,No,Yes,No,
2158,EXP.COS.PUR.FAR.SHE,Sheep Livestock - Valuation Movement,Valuation Movement,Direct Costs,No GST,,No,No,No,
2159,EXP.COS.CLO.FAR.SHE,Closing Livestock - Sheep,Closing Livestock,Direct Costs,No GST,,No,No,No,
2160,EXP.COS.OPE.FAR.DER,Opening Livestock - Deer,Opening Livestock,Direct Costs,No GST,,No,No,No,
2161,EXP.COS.PUR.FAR.DER,Purchases - Fawns,Fawns,Direct Costs,15% GST on Expenses,,No,Yes,No,
2162,EXP.COS.PUR.FAR.DER,Purchases - R1 Hinds,R1 Hinds,Direct Costs,15% GST on Expenses,,No,Yes,No,
2163,EXP.COS.PUR.FAR.DER,Purchases - R2 Hinds,R2 Hinds,Direct Costs,15% GST on Expenses,,No,Yes,No,
2164,EXP.COS.PUR.FAR.DER,Purchases - MA Hinds,MA Hinds,Direct Costs,15% GST on Expenses,,No,Yes,No,
2165,EXP.COS.PUR.FAR.DER,Purchases - R1 Stags,R1 Stags,Direct Costs,15% GST on Expenses,,No,Yes,No,
2166,EXP.COS.PUR.FAR.DER,Purchases - R2 Stags,R2 Stags,Direct Costs,15% GST on Expenses,,No,Yes,No,
2167,EXP.COS.PUR.FAR.DER,Purchases - Breeding Stags,Breeding Stags,Direct Costs,15% GST on Expenses,,No,Yes,No,
2178,EXP.COS.PUR.FAR.DER,Deer - Valuation Movement,Valuation Movement,Direct Costs,No GST,,No,No,No,
2179,EXP.COS.CLO.FAR.DER,Closing Livestock - Deer,Closing Livestock,Direct Costs,No GST,,No,No,No,
2180,EXP.COS.OPE.FAR.GOA,Opening Livestock - Goats,Opening Livestock,Direct Costs,No GST,,No,No,No,
2181,EXP.COS.PUR.FAR.GOA,Purchases - Kids,Kids,Direct Costs,No GST,,No,No,No,
2182,EXP.COS.PUR.FAR.GOA,Purchases - R1 Does,R1 Does,Direct Costs,15% GST on Expenses,,No,Yes,No,
2183,EXP.COS.PUR.FAR.GOA,Purchases - MA Does,MA Does,Direct Costs,15% GST on Expenses,,No,Yes,No,
2184,EXP.COS.PUR.FAR.GOA,Purchases - R1 Bucks/Wethers,R1 Bucks & Wethers,Direct Costs,15% GST on Expenses,,No,Yes,No,
2185,EXP.COS.PUR.FAR.GOA,Purchases - MA Bucks/Wethers,MA Bucks & Wethers,Direct Costs,15% GST on Expenses,,No,Yes,No,
2186,EXP.COS.PUR.FAR.GOA,Purchases - Breeding Bucks,Breeding Bucks,Direct Costs,15% GST on Expenses,,No,Yes,No,
2198,EXP.COS.PUR.FAR.GOA,Goats - Valuation Movement,Valuation Movement,Direct Costs,No GST,,No,No,No,
2199,EXP.COS.CLO.FAR.GOA,Closing Livestock - Goats,Closing Livestock,Direct Costs,No GST,,No,No,No,
2200,EXP.COS.OPE.FAR.PIG,Opening Livestock - Pigs,Opening Livestock,Direct Costs,No GST,,No,No,No,
2201,EXP.COS.PUR.FAR.PIG,Purchases - Weaners,Weaners,Direct Costs,15% GST on Expenses,,No,Yes,No,
2202,EXP.COS.PUR.FAR.PIG,Purchases - Growing Pigs/Porkers & Baconers,Growing Pigs 10-17 Weeks (Porkers & Baconers),Direct Costs,15% GST on Expenses,,No,Yes,No,
2203,EXP.COS.PUR.FAR.PIG,Purchases - Growing Pigs/Baconers,Growing Pigs 17+ Weeks (Baconers),Direct Costs,15% GST on Expenses,,No,Yes,No,
2204,EXP.COS.PUR.FAR.PIG,Purchases - Breeding Sows,Breeding Sows < 1 Year,Direct Costs,15% GST on Expenses,,No,Yes,No,
2205,EXP.COS.PUR.FAR.PIG,Purchases - MA Breeding Sows,MA Breeding Sows,Direct Costs,15% GST on Expenses,,No,Yes,No,
2206,EXP.COS.PUR.FAR.PIG,Purchases - Breeding Boars,Breeding Boars,Direct Costs,15% GST on Expenses,,No,Yes,No,
2218,EXP.COS.PUR.FAR.PIG,Pigs - Valuation Movement,Valuation Movement,Direct Costs,No GST,,No,No,No,
2219,EXP.COS.CLO.FAR.PIG,Closing Livestock - Pigs,Closing Livestock,Direct Costs,No GST,,No,No,No,
2220,EXP.COS.OPE.FAR,Opening Livestock - Other (Spare),,Direct Costs,No GST,,No,No,No,
2221,EXP.COS.PUR.FAR,Purchases - Other (Spare),,Direct Costs,15% GST on Expenses,,No,Yes,No,
2239,EXP.COS.CLO.FAR,Closing Livestock - Other (Spare),,Direct Costs,No GST,,No,No,No,
2300,EXP.COS.PUR.FAR.MIL,Demerits / Milk Down Grades,,Direct Costs,15% GST on Expenses,,No,No,No,
2310,EXP.COS.PUR.FAR.MIL,Contract Milker - Bonus,,Direct Costs,15% GST on Expenses,,No,Yes,No,
2312,EXP.COS.PUR.FAR.MIL,Contract Milker - Calf payments,,Direct Costs,15% GST on Expenses,,No,Yes,No,
2314,EXP.COS.PUR.FAR.MIL,Contract Milker - Expenses,,Direct Costs,15% GST on Expenses,,No,Yes,No,
2316,EXP.COS.PUR.FAR.MIL,Contract Milker - Last year milk production,,Direct Costs,15% GST on Expenses,,No,Yes,No,
2318,EXP.COS.PUR.FAR.MIL,Contract Milker - Milk production,,Direct Costs,15% GST on Expenses,,No,Yes,No,
2320,EXP.COS.PUR.FAR.MIL,Sharemilker - Bonus,,Direct Costs,15% GST on Expenses,,No,Yes,No,
2322,EXP.COS.PUR.FAR.MIL,Sharemilker - Calf payments,,Direct Costs,15% GST on Expenses,,No,Yes,No,
2324,EXP.COS.PUR.FAR.MIL,Sharemilker - Expenses,,Direct Costs,15% GST on Expenses,,No,Yes,No,
2326,EXP.COS.PUR.FAR.MIL,Sharemilker - Last year milk production,,Direct Costs,15% GST on Expenses,,No,Yes,No,
2328,EXP.COS.PUR.FAR.MIL,Sharemilker - Milk production,,Direct Costs,15% GST on Expenses,,No,Yes,No,
2340,EXP.COS.PUR.FAR.MIL,Dairy NZ Levies,,Direct Costs,15% GST on Expenses,,No,Yes,No,
2350,EXP.COS.PUR.FAR.HOR,Horticulture Expenses,,Direct Costs,15% GST on Expenses,,No,Yes,No,
2380,EXP.COS.PUR.FAR.HOR,Crop - Cartage,Cartage,Direct Costs,15% GST on Expenses,,No,Yes,No,
2382,EXP.COS.PUR.FAR.HOR,Crop - Cultivation,Cultivation,Direct Costs,15% GST on Expenses,,No,Yes,No,
2384,EXP.COS.PUR.FAR.HOR,Crop - Drainage,Drainage,Direct Costs,15% GST on Expenses,,No,Yes,No,
2386,EXP.COS.PUR.FAR.HOR,Crop - Fertiliser,Fertiliser,Direct Costs,15% GST on Expenses,,No,Yes,No,
2388,EXP.COS.PUR.FAR.HOR,Crop - Harvesting,Harvesting,Direct Costs,15% GST on Expenses,,No,Yes,No,
2390,EXP.COS.PUR.FAR.HOR,Crop - Irrigation,Irrigation,Direct Costs,15% GST on Expenses,,No,Yes,No,
2392,EXP.COS.PUR.FAR.HOR,Crop - Logging,Logging,Direct Costs,15% GST on Expenses,,No,Yes,No,
2394,EXP.COS.PUR.FAR.HOR,Crop - Other Direct Costs,Other Direct Costs,Direct Costs,15% GST on Expenses,,No,Yes,No,
2396,EXP.COS.PUR.FAR.HOR,Crop - Packing,Packing,Direct Costs,15% GST on Expenses,,No,Yes,No,
2398,EXP.COS.PUR.FAR.HOR,Crop - Planting,Planting,Direct Costs,15% GST on Expenses,,No,Yes,No,
2400,EXP.COS.PUR.FAR.HOR,Crop - Pollination,Pollination,Direct Costs,15% GST on Expenses,,No,Yes,No,
2402,EXP.COS.PUR.FAR.HOR,Crop - Prunning,Prunning,Direct Costs,15% GST on Expenses,,No,Yes,No,
2404,EXP.COS.PUR.FAR.HOR,Crop - Seeds,Seeds,Direct Costs,15% GST on Expenses,,No,Yes,No,
2406,EXP.COS.PUR.FAR.HOR,Crop - Spray,Spray,Direct Costs,15% GST on Expenses,,No,Yes,No,
2500,EXP.COS.PUR.FAR.WOO,Wool - Shearing Expenses,Shearing Expenses,Direct Costs,15% GST on Expenses,,No,Yes,No,
2700,REV.INV.DIV,Other Dividends,,Other Income,No GST,,No,No,No,
2720,REV.OTH,Bonus Received,,Other Income,No GST,,No,No,No,
2722,REV.OTH.GAI.CAP,Capital Gain on Disposal of Assets,,Other Income,No GST,,No,No,No,
2724,REV.OTH.GAI,Depreciation Recovered,,Other Income,No GST,,No,No,No,
2730,REV.OTH.GRA,Grants Received,,Other Income,15% GST on Income,,No,No,No,
2736,REV.INV.INT,Interest Received,,Other Income,No GST,,No,No,No,
2740,REV.OTH,Other Income,,Other Income,15% GST on Income,,No,No,No,
2750,REV.INV.REN,Rental - Income,Rent Received,Other Income,No GST,,No,No,No,
2751,REV.OTH.GAI.CAP,Rental - Capital Gain on Disposal of Assets,Capital Gain on Disposal of Assets (Rental),Other Income,No GST,,No,No,No,
2800,EXP,Rental - Advertising,Advertising,Expense,15% GST on Expenses,,No,Yes,No,
2802,EXP,Rental - Agents Fees and Commission,Agents Fees and Commission,Expense,15% GST on Expenses,,No,Yes,No,
2804,EXP,Rental - Bank Charges,Bank Charges,Expense,No GST,,No,Yes,No,
2806,EXP,Rental - Cleaning,Cleaning,Expense,15% GST on Expenses,,No,Yes,No,
2808,EXP.DEP,Rental - Depreciation,Depreciation,Expense,No GST,,No,Yes,No,
2810,EXP,Rental - Management Fees,Management Fees,Expense,15% GST on Expenses,,No,Yes,No,
2812,EXP.INS,Rental - Insurance,Insurance,Expense,15% GST on Expenses,,No,Yes,No,
2814,EXP.INT,Rental - Interest Expense,Interest Expense,Expense,No GST,,No,Yes,No,
2816,EXP.LOS,Rental - Loss on Sale of Assets,Loss on Sale of Assets,Expense,No GST,,No,Yes,No,
2818,EXP.LEG,Rental - Legal Fees,Legal Fees,Expense,15% GST on Expenses,,No,Yes,No,
2820,EXP,Rental - Pest Control,Pest Control,Expense,15% GST on Expenses,,No,Yes,No,
2824,EXP.REP,Rental - Repairs and Maintenance,Repairs and Maintenance,Expense,15% GST on Expenses,,No,Yes,No,
2826,EXP.RAT,Rental - Rates - Land,Rates - Land,Expense,15% GST on Expenses,,No,Yes,No,
2828,EXP.RAT,Rental - Rates - Water,Rates - Water,Expense,15% GST on Expenses,,No,Yes,No,
2830,EXP.REN,"Rental - Stationery, Telephone & Postage","Stationery, Telephone & Postage",Expense,15% GST on Expenses,,No,Yes,No,
2832,EXP.REN,Rental - Sundry Expenses,Sundry Expenses,Expense,15% GST on Expenses,,No,Yes,No,
3100,EXP.FAR,Breeding - AI,,Expense,15% GST on Expenses,,No,Yes,No,
3102,EXP.FAR,Breeding - Bulls,,Expense,15% GST on Expenses,,No,Yes,No,
3104,EXP.FAR,Breeding - General,,Expense,15% GST on Expenses,,No,Yes,No,
3106,EXP.FAR,Breeding - Scanning,,Expense,15% GST on Expenses,,No,Yes,No,
3108,EXP.FAR,Breeding - Herd Testing,,Expense,15% GST on Expenses,,No,Yes,No,
3120,EXP.FAR,Calf rearing - Animal Health,,Expense,15% GST on Expenses,,No,Yes,No,
3122,EXP.FAR,Calf rearing - Feed,,Expense,15% GST on Expenses,,No,Yes,No,
3124,EXP.FAR,Calf rearing - Supplies,,Expense,15% GST on Expenses,,No,Yes,No,
3130,EXP.FAR,Dog Expenses,,Expense,15% GST on Expenses,,No,Yes,No,
3140,EXP.FAR,Effluent - Consent fees,,Expense,15% GST on Expenses,,No,Yes,No,
3142,EXP.FAR,Effluent - Disposal costs,,Expense,15% GST on Expenses,,No,Yes,No,
3150,EXP.FAR,Electricity - Farm,,Expense,15% GST on Expenses,,No,Yes,No,
3152,EXP.FAR,Electricity - House,,Expense,No GST,,No,Yes,No,
3154,EXP.FAR,Electricity - Irrigation,,Expense,15% GST on Expenses,,No,Yes,No,
3160,EXP.FAR,Farm working - General,,Expense,15% GST on Expenses,,No,Yes,No,
3162,EXP.FAR,Farm working - Protective clothing,,Expense,15% GST on Expenses,,No,Yes,No,
3164,EXP.FAR,Freight & Cartage,,Expense,15% GST on Expenses,,No,Yes,No,
3166,EXP.FAR,Shearing Expenses,,Expense,15% GST on Expenses,,No,Yes,No,
3168,EXP.FAR,Shed Expenses,,Expense,15% GST on Expenses,,No,Yes,No,
3500,EXP.FAR.ANI,Animal Health - Minerals,,Expense,15% GST on Expenses,,No,Yes,No,
3502,EXP.FAR.ANI,Animal Health - Other,,Expense,15% GST on Expenses,,No,Yes,No,
3504,EXP.FAR.ANI,Animal Health - Treatments,,Expense,15% GST on Expenses,,No,Yes,No,
3506,EXP.FAR.ANI,Animal Health - Vet,,Expense,15% GST on Expenses,,No,Yes,No,
3560,EXP.FAR.FEE,Feed - Baleage (brought in),,Expense,15% GST on Expenses,,No,Yes,No,
3562,EXP.FAR.FEE,Feed - Baleage (made on farm),,Expense,15% GST on Expenses,,No,Yes,No,
3564,EXP.FAR.FEE,Feed - Cropping (brought standing),,Expense,15% GST on Expenses,,No,Yes,No,
3566,EXP.FAR.FEE,Feed - Cropping (grown on farm),,Expense,15% GST on Expenses,,No,Yes,No,
3568,EXP.FAR.FEE,Feed - Dairy Platform Lease,,Expense,15% GST on Expenses,,No,Yes,No,
3570,EXP.FAR.FEE,Feed - Grain,,Expense,15% GST on Expenses,,No,Yes,No,
3572,EXP.FAR.FEE,Feed - Hay,,Expense,15% GST on Expenses,,No,Yes,No,
3574,EXP.FAR.FEE,Feed - Maize,,Expense,15% GST on Expenses,,No,Yes,No,
3576,EXP.FAR.FEE,Feed - Meal,,Expense,15% GST on Expenses,,No,Yes,No,
3578,EXP.FAR.FEE,Feed - Molasses,,Expense,15% GST on Expenses,,No,Yes,No,
3580,EXP.FAR.FEE,Feed - Other,,Expense,15% GST on Expenses,,No,Yes,No,
3582,EXP.FAR.FEE,Feed - Palm Kernel,,Expense,15% GST on Expenses,,No,Yes,No,
3584,EXP.FAR.FEE,Feed - Runoff Lease,,Expense,15% GST on Expenses,,No,Yes,No,
3586,EXP.FAR.FEE,Feed - Silage (brought in),,Expense,15% GST on Expenses,,No,Yes,No,
3588,EXP.FAR.FEE,Feed - Silage (made on farm),,Expense,15% GST on Expenses,,No,Yes,No,
3590,EXP.FAR.FEE,Feed - Heifer Grazing,,Expense,15% GST on Expenses,,No,Yes,No,
3592,EXP.FAR.FEE,Feed - Weaner Grazing,,Expense,15% GST on Expenses,,No,Yes,No,
3594,EXP.FAR.FEE,Feed - Winter Grazing,,Expense,15% GST on Expenses,,No,Yes,No,
3600,EXP.FAR.PAS,Fertiliser - Cartage & Spreading,,Expense,15% GST on Expenses,,No,Yes,No,
3602,EXP.FAR.PAS,Fertiliser - Lime,,Expense,15% GST on Expenses,,No,Yes,No,
3604,EXP.FAR.PAS,Fertiliser - Mix,,Expense,15% GST on Expenses,,No,Yes,No,
3606,EXP.FAR.PAS,Fertiliser - Nitrogen (N),,Expense,15% GST on Expenses,,No,Yes,No,
3608,EXP.FAR.PAS,Fertiliser - Phosphate,,Expense,15% GST on Expenses,,No,Yes,No,
3610,EXP.FAR.PAS,Fertiliser - Super,,Expense,15% GST on Expenses,,No,Yes,No,
3620,EXP.FAR.PAS,Irrigation - Compliance,,Expense,15% GST on Expenses,,No,Yes,No,
3622,EXP.FAR.PAS,Irrigation - Other,,Expense,15% GST on Expenses,,No,Yes,No,
3630,EXP.FAR.PAS,Pasture renewal,,Expense,15% GST on Expenses,,No,Yes,No,
3632,EXP.FAR.PAS,Soil Testing,,Expense,15% GST on Expenses,,No,Yes,No,
3634,EXP.FAR.PAS,Weed and pest control,,Expense,15% GST on Expenses,,No,Yes,No,
3640,EXP.REP,Repairs and maintenance - Cowshed,Cowshed,Expense,15% GST on Expenses,,No,Yes,No,
3642,EXP.REP,Repairs and maintenance - Drains,Drains,Expense,15% GST on Expenses,,No,Yes,No,
3644,EXP.REP,Repairs and maintenance - Dwellings,Dwellings,Expense,No GST,,No,Yes,No,
3646,EXP.REP,Repairs and maintenance - Effluent,Effluent,Expense,15% GST on Expenses,,No,Yes,No,
3648,EXP.REP,Repairs and maintenance - Erosion Control,Erosion Control,Expense,15% GST on Expenses,,No,Yes,No,
3650,EXP.REP,Repairs and maintenance - General,General,Expense,15% GST on Expenses,,No,Yes,No,
3652,EXP.REP,Repairs and Maintenance - Irrigation,Irrigation,Expense,15% GST on Expenses,,No,Yes,No,
3654,EXP.REP,Repairs and maintenance - Other Farm buildings,Other Farm buildings,Expense,15% GST on Expenses,,No,Yes,No,
3656,EXP.REP,Repairs and maintenance - Plant &  Equipment,Plant &  Equipment,Expense,15% GST on Expenses,,No,Yes,No,
3658,EXP.REP,Repairs and Maintenance - Tools & Hardware <$500,Tools & Hardware <$500,Expense,15% GST on Expenses,,No,Yes,No,
3660,EXP.REP,Repairs and maintenance - Tracks and Races,Tracks and Races,Expense,15% GST on Expenses,,No,Yes,No,
3662,EXP.REP,Repairs and maintenance - Trees & Hedges,Trees & Hedges,Expense,15% GST on Expenses,,No,Yes,No,
3664,EXP.REP,Repairs and maintenance - Water Supply,Water Supply,Expense,15% GST on Expenses,,No,Yes,No,
3666,EXP.REP,Repairs and maintenance - Woolshed,Woolshed,Expense,15% GST on Expenses,,No,Yes,No,
3668,EXP.REP,Repairs and maintenance - Yards & Fences,Yards & Fences,Expense,15% GST on Expenses,,No,Yes,No,
3690,EXP.VEH,Vehicles - Fuel & Oil,Fuel & Oil,Expense,15% GST on Expenses,,No,Yes,No,
3692,EXP.VEH,Vehicles - Motorbike,Motorbike,Expense,15% GST on Expenses,,No,Yes,No,
3694,EXP.VEH,Vehicles - Other,Other,Expense,15% GST on Expenses,,No,Yes,No,
3696,EXP.VEH,Vehicles - Repairs,Repairs,Expense,15% GST on Expenses,,No,Yes,No,
3698,EXP.VEH,Vehicles - Road User Charges,Road User Charges,Expense,15% GST on Expenses,,No,Yes,No,
3700,EXP.VEH,Vehicles - Tractor,Tractor,Expense,15% GST on Expenses,,No,Yes,No,
4000,EXP,Accident Compensation Levy,,Overhead,15% GST on Expenses,,No,Yes,No,
4001,EXP.LEG,Accountancy Fees,,Overhead,15% GST on Expenses,,No,Yes,No,
4002,EXP,Advertising,,Overhead,15% GST on Expenses,,No,Yes,No,
4003,EXP.AUD,Audit Fees,,Overhead,15% GST on Expenses,,No,Yes,No,
4010,EXP.BAD,Bad Debts,,Overhead,15% GST on Expenses,,No,Yes,No,
4011,EXP,Bank Charges,,Overhead,No GST,,No,No,No,
4015,EXP.REP,Computer Expenses,,Overhead,15% GST on Expenses,,No,Yes,No,
4021,EXP.DEP,Depreciation,,Overhead,No GST,,No,No,No,
4023,EXP,Directors Fees,,Overhead,No GST,,No,No,No,
4024,EXP,Donations,,Overhead,No GST,,No,Yes,No,
4025,EXP.ENT,Entertainment Deductible,,Overhead,15% GST on Expenses,,No,Yes,No,
4026,EXP.ENT.NON,Entertainment Non Deductible,,Overhead,No GST,,No,Yes,No,
4027,EXP,Farm advisory,,Overhead,15% GST on Expenses,,No,Yes,No,
4031,EXP.FBT,Fringe Benefits Tax,,Overhead,No GST,,No,No,No,
4040,EXP,General Expenses,,Overhead,15% GST on Expenses,,No,Yes,No,
4045,EXP,Home Office Costs,,Overhead,No GST,,No,Yes,No,
4046,EXP.INS,Insurance - Dwellings,,Overhead,No GST,,No,Yes,No,
4047,EXP.INS,Insurance - Farm,,Overhead,15% GST on Expenses,,No,Yes,No,
4050,EXP.INT,Interest on Overdraft,,Overhead,No GST,,No,No,No,
4051,EXP.INT,Interest on Loans,,Overhead,No GST,,No,No,No,
4052,EXP.INT,Interest on Hire Purchase,,Overhead,No GST,,No,No,No,
4053,EXP.INT,Interest Other,,Overhead,No GST,,No,No,No,
4060,EXP.LEG,Legal Expenses,,Overhead,15% GST on Expenses,,No,Yes,No,
4061,EXP,Loan Fees,,Overhead,No GST,,No,Yes,No,
4062,EXP.LOS,Loss on Sale of Fixed Assets,,Overhead,No GST,,No,No,No,
4065,EXP.REP,Minor Office Equipment (<$500),,Overhead,15% GST on Expenses,,No,Yes,No,
4070,EXP.NON,Non Deductible Expenses,,Overhead,No GST,,No,Yes,No,
4075,EXP,Office Expense,,Overhead,15% GST on Expenses,,No,Yes,No,
4076,EXP.REN.OPE,Operating Lease Payments,,Overhead,15% GST on Expenses,,No,Yes,No,
4077,EXP.REN,Plant & Equipment Hire,,Overhead,15% GST on Expenses,,No,Yes,No,
4078,EXP,Postage,,Overhead,15% GST on Expenses,,No,Yes,No,
4079,EXP,Printing & Stationery,,Overhead,15% GST on Expenses,,No,Yes,No,
4080,EXP.RAT,Rates,,Overhead,15% GST on Expenses,,No,Yes,No,
4082,EXP.REN,Rent - Land,,Overhead,15% GST on Expenses,,No,Yes,No,
4083,EXP.REN,Rent - Other,,Overhead,15% GST on Expenses,,No,Yes,No,
4084,EXP,Software Fees,,Overhead,15% GST on Expenses,,No,Yes,No,
4085,EXP,Subscriptions,,Overhead,15% GST on Expenses,,No,Yes,No,
4086,EXP,Staff Expenses,,Overhead,15% GST on Expenses,,No,Yes,No,
4088,EXP,Staff Training,,Overhead,15% GST on Expenses,,No,Yes,No,
4090,EXP,"Telephone, Tolls & Internet",,Overhead,15% GST on Expenses,,No,Yes,No,
4091,EXP.TRA.INT,Travel - International,,Overhead,No GST,,No,Yes,No,
4092,EXP.TRA.NAT,Travel - National,,Overhead,15% GST on Expenses,,No,Yes,No,
4095,EXP,Valuation Fees,,Overhead,15% GST on Expenses,,No,Yes,No,
4100,EXP.WAG,Wages & Salaries - Gross,,Overhead,No GST,,No,Yes,No,
4102,EXP.WAG,Wages & Salaries - Kiwisaver Employer Contributions,,Overhead,No GST,,No,Yes,No,
4105,EXP.WAG.SHA,Shareholder Employee Salaries,,Overhead,No GST,,No,Yes,No,
4110,EXP.EXT,Extraordinary items,,Overhead,No GST,,No,Yes,No,
4111,EXP.TAX,Tax Expense,,Overhead,No GST,,No,No,No,
5100,LIA.NCL.ADV.1,Shareholder 1 Opening Balance,Opening Balance,Non-current Liability,No GST,,No,No,No,
5101,LIA.NCL.ADV.1,Shareholder 1 Cash Deposits,Cash Deposits,Non-current Liability,No GST,,No,Yes,No,
5102,LIA.NCL.ADV.1,Shareholder 1 Shareholder Salary,Shareholder Salary,Non-current Liability,No GST,,No,No,No,
5103,LIA.NCL.ADV.1,Shareholder 1 Dividends Paid,Dividends Paid,Non-current Liability,No GST,,No,No,No,
5104,LIA.NCL.ADV.DRA.1,Shareholder 1 Drawings,Drawings,Non-current Liability,No GST,,No,No,No,
5105,LIA.NCL.ADV.DRA.1,Shareholder 1 Home Office Expenses,Home Office Expenses,Non-current Liability,No GST,,No,No,No,
5106,LIA.NCL.ADV.DRA.1,Shareholder 1 ACC Earners' Levy,ACC Earners' Levy,Non-current Liability,No GST,,No,No,No,
5107,LIA.NCL.ADV.DRA.1,Shareholder 1 Interest on Overdrawn Current Account,Interest of Overdrawn Current Account,Non-current Liability,No GST,,No,No,No,
5200,LIA.NCL.ADV.2,Shareholder 2 Opening Balance,Opening Balance,Non-current Liability,No GST,,No,No,No,
5201,LIA.NCL.ADV.2,Shareholder 2 Cash Deposits,Cash Deposits,Non-current Liability,No GST,,No,Yes,No,
5202,LIA.NCL.ADV.2,Shareholder 2 Shareholder Salary,Shareholder Salary,Non-current Liability,No GST,,No,No,No,
5203,LIA.NCL.ADV.2,Shareholder 2 Dividends Paid,Dividends Paid,Non-current Liability,No GST,,No,No,No,
5204,LIA.NCL.ADV.DRA.2,Shareholder 2 Drawings,Drawings,Non-current Liability,No GST,,No,No,No,
5205,LIA.NCL.ADV.DRA.2,Shareholder 2 Home Office Expenses,Home Office Expenses,Non-current Liability,No GST,,No,No,No,
5206,LIA.NCL.ADV.DRA.2,Shareholder 2 ACC Earners' Levy,ACC Earners' Levy,Non-current Liability,No GST,,No,No,No,
5207,LIA.NCL.ADV.DRA.2,Shareholder 2 Interest on Overdrawn Current Account,Interest of Overdrawn Current Account,Non-current Liability,No GST,,No,No,No,
5300,LIA.NCL.ADV.3,Shareholder 3 Opening Balance,Opening Balance,Non-current Liability,No GST,,No,No,No,
5301,LIA.NCL.ADV.3,Shareholder 3 Cash Deposits,Cash Deposits,Non-current Liability,No GST,,No,Yes,No,
5302,LIA.NCL.ADV.3,Shareholder 3 Shareholder Salary,Shareholder Salary,Non-current Liability,No GST,,No,No,No,
5303,LIA.NCL.ADV.3,Shareholder 3 Dividends Paid,Dividends Paid,Non-current Liability,No GST,,No,No,No,
5304,LIA.NCL.ADV.DRA.3,Shareholder 3 Drawings,Drawings,Non-current Liability,No GST,,No,No,No,
5305,LIA.NCL.ADV.DRA.3,Shareholder 3 Home Office Expenses,Home Office Expenses,Non-current Liability,No GST,,No,No,No,
5306,LIA.NCL.ADV.DRA.3,Shareholder 3 ACC Earners' Levy,ACC Earners' Levy,Non-current Liability,No GST,,No,No,No,
5307,LIA.NCL.ADV.DRA.3,Shareholder 3 Interest on Overdrawn Current Account,Interest of Overdrawn Current Account,Non-current Liability,No GST,,No,No,No,
5400,LIA.NCL.ADV.4,Shareholder 4 Opening Balance,Opening Balance,Non-current Liability,No GST,,No,No,No,
5401,LIA.NCL.ADV.4,Shareholder 4 Cash Deposits,Cash Deposits,Non-current Liability,No GST,,No,Yes,No,
5402,LIA.NCL.ADV.4,Shareholder 4 Shareholder Salary,Shareholder Salary,Non-current Liability,No GST,,No,No,No,
5403,LIA.NCL.ADV.4,Shareholder 4 Dividends Paid,Dividends Paid,Non-current Liability,No GST,,No,No,No,
5404,LIA.NCL.ADV.DRA.4,Shareholder 4 Drawings,Drawings,Non-current Liability,No GST,,No,No,No,
5405,LIA.NCL.ADV.DRA.4,Shareholder 4 Home Office Expenses,Home Office Expenses,Non-current Liability,No GST,,No,No,No,
5406,LIA.NCL.ADV.DRA.4,Shareholder 4 ACC Earners' Levy,ACC Earners' Levy,Non-current Liability,No GST,,No,No,No,
5407,LIA.NCL.ADV.DRA.4,Shareholder 4 Interest on Overdrawn Current Account,Interest of Overdrawn Current Account,Non-current Liability,No GST,,No,No,No,
5500,LIA.NCL.ADV.5,Shareholder 5 Opening Balance,Opening Balance,Non-current Liability,No GST,,No,No,No,
5501,LIA.NCL.ADV.5,Shareholder 5 Cash Deposits,Cash Deposits,Non-current Liability,No GST,,No,Yes,No,
5502,LIA.NCL.ADV.5,Shareholder 5 Shareholder Salary,Shareholder Salary,Non-current Liability,No GST,,No,No,No,
5503,LIA.NCL.ADV.5,Shareholder 5 Dividends Paid,Dividends Paid,Non-current Liability,No GST,,No,No,No,
5504,LIA.NCL.ADV.DRA.5,Shareholder 5 Drawings,Drawings,Non-current Liability,No GST,,No,No,No,
5505,LIA.NCL.ADV.DRA.5,Shareholder 5 Home Office Expenses,Home Office Expenses,Non-current Liability,No GST,,No,No,No,
5506,LIA.NCL.ADV.DRA.5,Shareholder 5 ACC Earners' Levy,ACC Earners' Levy,Non-current Liability,No GST,,No,No,No,
5507,LIA.NCL.ADV.DRA.5,Shareholder 5 Interest on Overdrawn Current Account,Interest of Overdrawn Current Account,Non-current Liability,No GST,,No,No,No,
5508,LIA.NCL.ADV,Shareholder (Spare) Opening Balance,Opening Balance,Non-current Liability,No GST,,No,No,No,
5509,LIA.NCL.ADV,Shareholder (Spare) Cash Deposits,Cash Deposits,Non-current Liability,No GST,,No,Yes,No,
5510,LIA.NCL.ADV,Shareholder (Spare) Shareholder Salary,Shareholder Salary,Non-current Liability,No GST,,No,No,No,
5511,LIA.NCL.ADV,Shareholder (Spare) Dividends Paid,Dividends Paid,Non-current Liability,No GST,,No,No,No,
5512,LIA.NCL.ADV.DRA,Shareholder (Spare) Drawings,Drawings,Non-current Liability,No GST,,No,No,No,
5513,LIA.NCL.ADV.DRA,Shareholder (Spare) Home Office Expenses,Home Office Expenses,Non-current Liability,No GST,,No,No,No,
5514,LIA.NCL.ADV.DRA,Shareholder (Spare) ACC Earners' Levy,ACC Earners' Levy,Non-current Liability,No GST,,No,No,No,
5515,LIA.NCL.ADV.DRA,Shareholder (Spare) Interest on Overdrawn Current Account,Interest of Overdrawn Current Account,Non-current Liability,No GST,,No,No,No,
6000,ASS.CUR.BAN,Bank Cheque Account,,Bank,No GST,,No,No,No,
6001,ASS.CUR.BAN,Bank Savings Account,,Bank,No GST,,No,No,No,
6090,ASS.CUR,Bank Term Deposit - 1,,Current Asset,No GST,,No,No,No,
6091,ASS.CUR,Bank Term Deposit - 2,,Current Asset,No GST,,No,No,No,
6092,ASS.CUR,Bank Term Deposit - 3,,Current Asset,No GST,,No,No,No,
6093,ASS.CUR,Bank Term Deposit - 4,,Current Asset,No GST,,No,No,No,
6100,ASS.CUR.BAN,Petty Cash,,Current Asset,No GST,,No,No,No,
6200,ASS.CUR.REC,Sundry Debtors,,Current Asset,No GST,,No,No,No,
6202,ASS.CUR.REC,Accrued Revenue,,Current Asset,No GST,,No,No,No,
6220,ASS.CUR,Deposits Paid,,Current Asset,No GST,,No,No,No,
6221,ASS.CUR.REC.PRE,Prepayments,,Current Asset,No GST,,No,No,No,
6350,ASS.CUR.REC,Accounts Receivable (Xero),,Accounts Receivable,No GST,,No,No,No,
6360,ASS.CUR.REC,Accounts Receivable,,Current Asset,No GST,,No,No,No,
6800,LIA.NCL.REL,Inter Entity Account 1 - Opening Balance,Opening Balance,Non-current Liability,No GST,,No,No,No,
6801,LIA.NCL.REL,Inter Entity Account 1 - Debit Movements,Debit Movements,Non-current Liability,No GST,,No,No,No,
6802,LIA.NCL.REL,Inter Entity Account 1 - Credit Movements,Credit Movements,Non-current Liability,No GST,,No,No,No,
6803,LIA.NCL.REL,Inter Entity Account 1 - Closing Balance,Closing Balance,Non-current Liability,No GST,,No,No,No,
6820,LIA.NCL.REL,Inter Entity Account 2 - Opening Balance,Opening Balance,Non-current Liability,No GST,,No,No,No,
6821,LIA.NCL.REL,Inter Entity Account 2 - Debit Movements,Debit Movements,Non-current Liability,No GST,,No,No,No,
6822,LIA.NCL.REL,Inter Entity Account 2 - Credit Movements,Credit Movements,Non-current Liability,No GST,,No,No,No,
6823,LIA.NCL.REL,Inter Entity Account 2 - Closing Balance,Closing Balance,Non-current Liability,No GST,,No,No,No,
7200,ASS.CUR.INY,Beef Cattle on Hand,,Current Asset,No GST,,No,No,No,
7202,ASS.CUR.INY,Dairy Cattle on Hand,,Current Asset,No GST,,No,No,No,
7204,ASS.CUR.INY,Sheep on Hand,,Current Asset,No GST,,No,No,No,
7206,ASS.CUR.INY,Deer on Hand,,Current Asset,No GST,,No,No,No,
7208,ASS.CUR.INY,Goats on Hand,,Current Asset,No GST,,No,No,No,
7210,ASS.CUR.INY,Pigs on Hand,,Current Asset,No GST,,No,No,No,
7220,ASS.CUR.INY,Feed on Hand,,Current Asset,No GST,,No,No,No,
7230,ASS.CUR.INY,Produce on Hand,,Current Asset,No GST,,No,No,No,
7310,ASS.NCA.FIX.OWN.LAC,Land,,Fixed Asset,15% GST on Expenses,,No,No,No,
7320,ASS.NCA.FIX.OWN.LAR,Land Revaluations,,Fixed Asset,No GST,,No,No,No,
7330,ASS.NCA.FIX.OWN.LAC,Land Development,,Fixed Asset,15% GST on Expenses,,No,No,No,
7340,ASS.NCA.FIX.OWN.ACC,Less Accumulated Depreciation on development,,Fixed Asset,No GST,,No,No,No,
7350,ASS.NCA.FIX.OWN.BUC,Buildings,,Fixed Asset,15% GST on Expenses,,No,No,No,
7360,ASS.NCA.FIX.OWN.BUC.ACC,Less Accumulated Depreciation on Buildings,,Fixed Asset,No GST,,No,No,No,
7410,ASS.NCA.FIX.OWN.VEH,Motor Vehicles,,Fixed Asset,15% GST on Expenses,,No,No,No,
7420,ASS.NCA.FIX.OWN.VEH.ACC,Less Accumulated Depreciation on Motor Vehicles,,Fixed Asset,No GST,,No,No,No,
7620,ASS.NCA.FIX.OWN.FUR,Office Equipment,,Fixed Asset,15% GST on Expenses,,No,No,No,
7630,ASS.NCA.FIX.OWN.FUR.ACC,Less Accumulated Depreciation on Office Equipment,,Fixed Asset,No GST,,No,No,No,
7710,ASS.NCA.FIX.OWN.PLA,Plant & Equipment,,Fixed Asset,15% GST on Expenses,,No,No,No,
7720,ASS.NCA.FIX.OWN.PLA.ACC,Less Accumulated Depreciation on Plant & Equipment,,Fixed Asset,No GST,,No,No,No,
7800,ASS.NCA.INV.SHA,Fertiliser Company Shares,,Non-Current Asset,No GST,,No,No,No,
7802,ASS.NCA.INV.SHA,Meat Company Shares,,Non-Current Asset,No GST,,No,No,No,
7804,ASS.NCA.INV.SHA,Milk Company Shares,,Non-Current Asset,No GST,,No,No,No,
7806,ASS.NCA.INV.SHA,Rural Supply Company Shares,,Non-Current Asset,No GST,,No,No,No,
7808,ASS.NCA.INV.SHA,Water Scheme Shares,,Non-Current Asset,No GST,,No,No,No,
7809,ASS.NCA.INV.SHA,Shares - Other,,Non-Current Asset,No GST,,No,No,No,
7810,ASS.NCA.PRO,Property Investments,,Non-Current Asset,No GST,,No,No,No,
7820,ASS.NCA,Income Equalisation Deposits,,Non-Current Asset,No GST,,No,No,No,
7830,ASS.NCA,Preliminary Expenses,,Non-Current Asset,No GST,,No,No,No,
7900,ASS.CUR.BAN,Credit Card 1,,Bank,No GST,,No,No,No,
7901,ASS.CUR.BAN,Credit Card 2,,Bank,No GST,,No,No,No,
8000,LIA.CUR.PAY,Accounts Payable (Xero),,Accounts Payable,No GST,,No,No,No,
8010,LIA.CUR.PAY,Accounts Payable,,Current Liability,No GST,,No,No,No,
8015,LIA.CUR.PAY,Accrued Expenses,,Current Liability,No GST,,No,No,No,
8020,LIA.CUR.PAY,Unpaid Expense Claims,,Unpaid Expense Claims,No GST,,No,No,No,
8030,LIA.CUR.PAY.EMP,Wages Payable,,Wages Payable,No GST,,No,No,No,
8040,LIA.CUR.PAY.EMP,PAYE Payable,,Current Liability,No GST,,No,No,No,
8050,LIA.CUR.PAY,Sundry Creditors,,Current Liability,No GST,,No,No,No,
8060,LIA.CUR.PRO,Provision For Dividend,,Current Liability,No GST,,No,No,No,
8070,LIA.CUR.PRO,Provision for Holiday Pay,,Current Liability,No GST,,No,No,No,
8080,LIA.CUR.PRO,Provision for Sick Pay,,Current Liability,No GST,,No,No,No,
8090,LIA.CUR.PRO,Provision for Long Service Leave,,Current Liability,No GST,,No,No,No,
8100,LIA.CUR.PRO,Other Current Provisions,,Current Liability,No GST,,No,No,No,
8110,LIA.CUR.PAY.UNE,Unearned Income,,Current Liability,No GST,,No,No,No,
8170,LIA.CUR.REL,Related Party Payables (Current),Related Party Payables,Current Liability,No GST,,No,No,No,
8200,LIA.CUR.TAX.GST,GST,,GST,No GST,,No,No,No,
8210,LIA.CUR.TAX.INC,Taxation - Opening Balance,,Current Liability,No GST,,No,No,No,
8220,LIA.CUR.TAX.INC,Tax Provision,,Current Liability,No GST,,No,No,No,
8230,LIA.CUR.TAX.INC.TAX.RWT,RWT Paid,,Current Liability,No GST,,No,No,No,
8240,LIA.CUR.TAX.INC.PAI,Provisional Tax Paid,,Current Liability,No GST,,No,No,No,
8250,LIA.CUR.TAX.INC.TAX.IMP,Imputation Credits Received,,Current Liability,No GST,,No,No,No,
8260,LIA.CUR.TAX.INC.REF,Tax Refunds Received,,Current Liability,No GST,,No,No,No,
8300,LIA.NCL,Historical Adjustment,,Historical ,No GST,,No,No,No,
8400,LIA.CUR.LOA,Current Portion on Term Loan 1,Term Loan 1,Current Liability,No GST,,No,No,No,
8410,LIA.CUR.LOA,Current Portion on Term Loan 2,Term Loan 2,Current Liability,No GST,,No,No,No,
8420,LIA.CUR.LOA,Current Portion on Term Loan 3,Term Loan 3,Current Liability,No GST,,No,No,No,
8430,LIA.CUR.LOA,Current Portion on Term Loan 4,Term Loan 4,Current Liability,No GST,,No,No,No,
8460,LIA.CUR.LOA,Fonterra Loan Support - Current,Fonterra Loan Support,Current Liability,No GST,,No,No,No,
8470,LIA.NCL.REL,Related Party Payables (Non Current),Related Party Payables,Non-current Liability,No GST,,No,No,No,
8500,LIA.NCL.LOA,Term Loan 1 Opening Balance,Opening Balance,Non-current Liability,No GST,,No,No,No,
8501,LIA.NCL.LOA,Term Loan 1 Advances,Advances,Non-current Liability,No GST,,No,No,No,
8502,LIA.NCL.LOA,Term Loan 1 Interest,Interest,Non-current Liability,No GST,,No,No,No,
8503,LIA.NCL.LOA,Term Loan 1 Payments,Payments,Non-current Liability,No GST,,No,No,No,
8504,LIA.NCL.LOA,Term Loan 1 Transfer to Current Portion,Transfer to Current Portion,Non-current Liability,No GST,,No,No,No,
8505,LIA.NCL.LOA,Term Loan 1 Closing Balance,Closing Balance,Non-current Liability,No GST,,No,No,No,
8520,LIA.NCL.LOA,Term Loan 2 Opening Balance,Opening Balance,Non-current Liability,No GST,,No,No,No,
8521,LIA.NCL.LOA,Term Loan 2 Advances,Advances,Non-current Liability,No GST,,No,No,No,
8522,LIA.NCL.LOA,Term Loan 2 Interest,Interest,Non-current Liability,No GST,,No,No,No,
8523,LIA.NCL.LOA,Term Loan 2 Payments,Payments,Non-current Liability,No GST,,No,No,No,
8524,LIA.NCL.LOA,Term Loan 2 Transfer to Current Portion,Transfer to Current Portion,Non-current Liability,No GST,,No,No,No,
8525,LIA.NCL.LOA,Term Loan 2 Closing Balance,Closing Balance,Non-current Liability,No GST,,No,No,No,
8540,LIA.NCL.LOA,Term Loan 3 Opening Balance,Opening Balance,Non-current Liability,No GST,,No,No,No,
8541,LIA.NCL.LOA,Term Loan 3 Advances,Advances,Non-current Liability,No GST,,No,No,No,
8542,LIA.NCL.LOA,Term Loan 3 Interest,Interest,Non-current Liability,No GST,,No,No,No,
8543,LIA.NCL.LOA,Term Loan 3 Payments,Payments,Non-current Liability,No GST,,No,No,No,
8544,LIA.NCL.LOA,Term Loan 3 Transfer to Current Portion,Transfer to Current Portion,Non-current Liability,No GST,,No,No,No,
8545,LIA.NCL.LOA,Term Loan 3 Closing Balance,Closing Balance,Non-current Liability,No GST,,No,No,No,
8560,LIA.NCL.LOA,Term Loan 4 Opening Balance,Opening Balance,Non-current Liability,No GST,,No,No,No,
8561,LIA.NCL.LOA,Term Loan 4 Advances,Advances,Non-current Liability,No GST,,No,No,No,
8562,LIA.NCL.LOA,Term Loan 4 Interest,Interest,Non-current Liability,No GST,,No,No,No,
8563,LIA.NCL.LOA,Term Loan 4 Payments,Payments,Non-current Liability,No GST,,No,No,No,
8564,LIA.NCL.LOA,Term Loan 4 Transfer to Current Portion,Transfer to Current Portion,Non-current Liability,No GST,,No,No,No,
8565,LIA.NCL.LOA,Term Loan 4 Closing Balance,Closing Balance,Non-current Liability,No GST,,No,No,No,
8900,LIA.CUR,Rounding,,Rounding,No GST,,No,No,No,
8910,LIA.CUR,Tracking Transfers,,Tracking ,No GST,,No,No,No,
8990,LIA.NCL.LOA,Fonterra Loan Support - Non Current,Fonterra Loan Support,Non-current Liability,No GST,,No,No,No,
9000,LIA.NCL.FIN,Hire Purchase 1 Opening Balance,Opening Balance,Non-current Liability,No GST,,No,No,No,
9001,LIA.NCL.FIN,Hire Purchase 1 Advances,Advances,Non-current Liability,No GST,,No,No,No,
9002,LIA.NCL.FIN,Hire Purchase 1 Interest,Interest,Non-current Liability,No GST,,No,No,No,
9003,LIA.NCL.FIN,Hire Purchase 1 Payments,Payments,Non-current Liability,No GST,,No,No,No,
9004,LIA.NCL.FIN,Hire Purchase 1 Unexpired Interest,Unexpired Interest,Non-current Liability,No GST,,No,No,No,
9005,LIA.NCL.FIN,Hire Purchase 1 Closing Balance,Closing Balance,Non-current Liability,No GST,,No,No,No,
9020,LIA.NCL.FIN,Hire Purchase 2 Opening Balance,Opening Balance,Non-current Liability,No GST,,No,No,No,
9021,LIA.NCL.FIN,Hire Purchase 2 Advances,Advances,Non-current Liability,No GST,,No,No,No,
9022,LIA.NCL.FIN,Hire Purchase 2 Interest,Interest,Non-current Liability,No GST,,No,No,No,
9023,LIA.NCL.FIN,Hire Purchase 2 Payments,Payments,Non-current Liability,No GST,,No,No,No,
9024,LIA.NCL.FIN,Hire Purchase 2 Unexpired Interest,Unexpired Interest,Non-current Liability,No GST,,No,No,No,
9025,LIA.NCL.FIN,Hire Purchase 2 Closing Balance,Closing Balance,Non-current Liability,No GST,,No,No,No,
9200,EQU.SHA,"x,xxx Ordinary Shares",,Equity,No GST,,No,No,No,
9210,EQU.SHA,Uncalled Capital,,Equity,No GST,,No,No,No,
9220,EQU.SHA,Unpaid Capital,,Equity,No GST,,No,No,No,
9300,EQU.RES.LRR,Livestock Revaluation Reserve - Beef Cattle,,Equity,No GST,,No,No,No,
9301,EQU.RES.LRR,Livestock Revaluation Reserve - Dairy Cattle,,Equity,No GST,,No,No,No,
9302,EQU.RES.LRR,Livestock Revaluation Reserve - Sheep,,Equity,No GST,,No,No,No,
9303,EQU.RES.LRR,Livestock Revaluation Reserve - Deer,,Equity,No GST,,No,No,No,
9304,EQU.RES.LRR,Livestock Revaluation Reserve - Goats,,Equity,No GST,,No,No,No,
9305,EQU.RES.LRR,Livestock Revaluation Reserve - Pigs,,Equity,No GST,,No,No,No,
9350,EQU.RES.REV,Asset Revaluation Reserve,,Equity,No GST,,No,No,No,
9352,EQU.RES,Realised Capital Reserve,,Equity,No GST,,No,No,No,
9354,EQU.RES,Unrealised Capital Reserves,,Equity,No GST,,No,No,No,
9500,EQU.RET.DIV,Dividends Paid,,Equity,No GST,,No,No,No,
9600,EQU.RET,Retained Earnings,,Retained Earnings,No GST,,No,No,No,
9980,LIA.CUR,Suspense,,Current Liability,No GST,,No,No,No,